TaxaID,SampleID,CollDate,N_TAXA,Changed,Rationale,OTU_BCG_MariNW,Match_Official,NonTarget,BCG_attr,FFG,Life_Cycle,Habitat,Noteworthy,Thermal_indicator,ThermTol_Less30,MWMT_WAopt,MWMT_PCT90,Therm_TopIndicator,ThermVar,TSN,Kingdom,Phylum,SubPhylum,Class,SubClass,Order,SubOrder,SuperFamily,Family,SubFamily,Tribe,GenusGroup,Genus,SubGenus,SpeciesGroup,SpeciesSubGroup,SpeciesComplex,Species,Taxon_Group
Agapetus,05014REF,8/3/2005,46,no,,Agapetus,TRUE,FALSE,3,SC,uni,RHEO,NA,cowa,,19.44598941,22.33,,,117121,Animalia,Arthropoda,Hexapoda,Insecta,Pterygota,Trichoptera,,,Glossosomatidae,Agapetinae,,,Agapetus,,,,,,Trichoptera
Agapetus,05014REFa,8/3/2005,40,no,,Agapetus,TRUE,FALSE,3,SC,uni,RHEO,NA,cowa,,19.44598941,22.33,,,117121,Animalia,Arthropoda,Hexapoda,Insecta,Pterygota,Trichoptera,,,Glossosomatidae,Agapetinae,,,Agapetus,,,,,,Trichoptera
Allocosmoecus partitus,05014REF,8/3/2005,1,yes,single species in genus,Allocosmoecus,TRUE,FALSE,2,SC,uni,HEAD,TRUE,cool,,17.01025022,20.425,,,115969,Animalia,Arthropoda,Hexapoda,Insecta,Pterygota,Trichoptera,,,Limnephilidae,Dicosmoecinae,,,Allocosmoecus,,,,,,Trichoptera
Ameletus,05014REF,8/3/2005,1,no,,Ameletus,TRUE,FALSE,3,SC,uni,RHEO,NA,cool,,14.95703404,20.01,cool,,100996,Animalia,Arthropoda,Hexapoda,Insecta,Pterygota,Ephemeroptera,Pisciforma,,Ameletidae,,,,Ameletus,,,,,,Ephemeroptera
Ameletus,06095DFW,8/7/2006,2,no,,Ameletus,TRUE,FALSE,3,SC,uni,RHEO,NA,cool,,14.95703404,20.01,cool,,100996,Animalia,Arthropoda,Hexapoda,Insecta,Pterygota,Ephemeroptera,Pisciforma,,Ameletidae,,,,Ameletus,,,,,,Ephemeroptera
Ampumixis dispar,05014REF,8/3/2005,10,yes,only one species in Genus,Ampumixis,TRUE,FALSE,2,CG,semi,RHEO,NA,cool,,17.92443569,20.828,,,114196,Animalia,Arthropoda,Hexapoda,Insecta,Pterygota,Coleoptera,Polyphaga,,Elmidae,,,,Ampumixis,,,,,,Coleoptera
Ampumixis dispar,05014REFa,8/3/2005,21,yes,only one species in Genus,Ampumixis,TRUE,FALSE,2,CG,semi,RHEO,NA,cool,,17.92443569,20.828,,,114196,Animalia,Arthropoda,Hexapoda,Insecta,Pterygota,Coleoptera,Polyphaga,,Elmidae,,,,Ampumixis,,,,,,Coleoptera
Antocha,05014REFa,8/3/2005,23,no,,Antocha,TRUE,FALSE,4,CG,multi,RHEO,NA,cowa,,19.3527666,22.96,coolwarm,,119656,Animalia,Arthropoda,Hexapoda,Insecta,Pterygota,Diptera,Nematocera,,Limoniidae,Limoniinae,,,Antocha,,,,,,Diptera
Antocha,05014REF,8/3/2005,24,no,,Antocha,TRUE,FALSE,4,CG,multi,RHEO,NA,cowa,,19.3527666,22.96,coolwarm,,119656,Animalia,Arthropoda,Hexapoda,Insecta,Pterygota,Diptera,Nematocera,,Limoniidae,Limoniinae,,,Antocha,,,,,,Diptera
Apatania,05014REFa,8/3/2005,3,no,,Apatania,TRUE,FALSE,2,SC,uni,RHEO,TRUE,cold,,16.99728166,19.854,,,115935,Animalia,Arthropoda,Hexapoda,Insecta,Pterygota,Trichoptera,,,Apataniidae,Apataniinae,Apataniini,,Apatania,,,,,,Trichoptera
Apatania,05014REF,8/3/2005,5,no,,Apatania,TRUE,FALSE,2,SC,uni,RHEO,TRUE,cold,,16.99728166,19.854,,,115935,Animalia,Arthropoda,Hexapoda,Insecta,Pterygota,Trichoptera,,,Apataniidae,Apataniinae,Apataniini,,Apatania,,,,,,Trichoptera
Arctopsyche grandis,05014REF,8/3/2005,3,yes,,Arctopsyche,TRUE,FALSE,3,PR,semi,RHEO,NA,,Less30,NA,NA,,,115529,Animalia,Arthropoda,Hexapoda,Insecta,Pterygota,Trichoptera,,,Hydropsychidae,Arctopsychinae,,,Arctopsyche,,,,,,Trichoptera
Baetis,06095DFW,8/7/2006,8,no,,Baetis,TRUE,FALSE,4,CG,multi,RHEO,NA,eurythermal,,17.06830017,22.66,,yes,100800,Animalia,Arthropoda,Hexapoda,Insecta,Pterygota,Ephemeroptera,Pisciforma,,Baetidae,,,,Baetis,,,,,,Ephemeroptera
Baetis,05014REFa,8/3/2005,36,no,,Baetis,TRUE,FALSE,4,CG,multi,RHEO,NA,eurythermal,,17.06830017,22.66,,yes,100800,Animalia,Arthropoda,Hexapoda,Insecta,Pterygota,Ephemeroptera,Pisciforma,,Baetidae,,,,Baetis,,,,,,Ephemeroptera
Baetis,05014REF,8/3/2005,49,no,,Baetis,TRUE,FALSE,4,CG,multi,RHEO,NA,eurythermal,,17.06830017,22.66,,yes,100800,Animalia,Arthropoda,Hexapoda,Insecta,Pterygota,Ephemeroptera,Pisciforma,,Baetidae,,,,Baetis,,,,,,Ephemeroptera
Calineuria californica,06095DFW,8/7/2006,5,no,,Calineuria californica,TRUE,FALSE,3,PR,semi,RHEO,NA,cowa,,18.97417063,22.39,coolwarm,,102986,Animalia,Arthropoda,Hexapoda,Insecta,Pterygota,Plecoptera,Systellognatha,,Perlidae,Acroneuriinae,Acroneuriini,,Calineuria,,,,,californica,Plecoptera
Calineuria californica,05014REFa,8/3/2005,3,no,,Calineuria californica,TRUE,FALSE,3,PR,semi,RHEO,NA,cowa,,18.97417063,22.39,coolwarm,,102986,Animalia,Arthropoda,Hexapoda,Insecta,Pterygota,Plecoptera,Systellognatha,,Perlidae,Acroneuriinae,Acroneuriini,,Calineuria,,,,,californica,Plecoptera
Calineuria californica,05014REF,8/3/2005,1,no,,Calineuria californica,TRUE,FALSE,3,PR,semi,RHEO,NA,cowa,,18.97417063,22.39,coolwarm,,102986,Animalia,Arthropoda,Hexapoda,Insecta,Pterygota,Plecoptera,Systellognatha,,Perlidae,Acroneuriinae,Acroneuriini,,Calineuria,,,,,californica,Plecoptera
Chloroperlidae,05014REF,8/3/2005,2,no,,Chloroperlidae,TRUE,FALSE,4,PR,uni,RHEO,NA,cool,,16.84215107,21.359,,yes,103202,Animalia,Arthropoda,Hexapoda,Insecta,Pterygota,Plecoptera,Systellognatha,,Chloroperlidae,,,,,,,,,,Plecoptera
Clinocera,05014REF,8/3/2005,1,no,,Clinocera,TRUE,FALSE,3,PR,uni,RHEO,NA,cool,,15.67246234,20.346,,,135849,Animalia,Arthropoda,Hexapoda,Insecta,Pterygota,Diptera,Brachycera,,Empididae,Clinocerinae,,,Clinocera,,,,,,Diptera
Clinocera,05014REFa,8/3/2005,4,no,,Clinocera,TRUE,FALSE,3,PR,uni,RHEO,NA,cool,,15.67246234,20.346,,,135849,Animalia,Arthropoda,Hexapoda,Insecta,Pterygota,Diptera,Brachycera,,Empididae,Clinocerinae,,,Clinocera,,,,,,Diptera
Cricotopus,05014REF,8/3/2005,1,no,,Cricotopus,TRUE,FALSE,4,MH,multi,GENE,NA,warm,,20.67128157,25.39,,yes,128575,Animalia,Arthropoda,Hexapoda,Insecta,Pterygota,Diptera,Nematocera,,Chironomidae,Orthocladiinae,,,Cricotopus,,,,,,Chironomidae
Cricotopus,05014REFa,8/3/2005,2,no,,Cricotopus,TRUE,FALSE,4,MH,multi,GENE,NA,warm,,20.67128157,25.39,,yes,128575,Animalia,Arthropoda,Hexapoda,Insecta,Pterygota,Diptera,Nematocera,,Chironomidae,Orthocladiinae,,,Cricotopus,,,,,,Chironomidae
Cricotopus (Nostococladius),05014REF,8/3/2005,1,no,FORMATTING,Cricotopus (Nostococladius),TRUE,FALSE,2,MH,multi,SPEC,TRUE,eurythermal,,19.31389901,23.408,,,568516,Animalia,Arthropoda,Hexapoda,Insecta,Pterygota,Diptera,Nematocera,,Chironomidae,Orthocladiinae,,,Cricotopus,Nostococladius,,,,,Chironomidae
Diphetor hageni,05014REFa,8/3/2005,8,yes,Single species in genus,Diphetor,TRUE,FALSE,4,CG,multi,RHEO,NA,cowa,,19.24351465,22.93,coolwarm,,568550,Animalia,Arthropoda,Hexapoda,Insecta,Pterygota,Ephemeroptera,Pisciforma,,Baetidae,,,,Diphetor,,,,,,Ephemeroptera
Diphetor hageni,06095DFW,8/7/2006,1,yes,Single species in genus,Diphetor,TRUE,FALSE,4,CG,multi,RHEO,NA,cowa,,19.24351465,22.93,coolwarm,,568550,Animalia,Arthropoda,Hexapoda,Insecta,Pterygota,Ephemeroptera,Pisciforma,,Baetidae,,,,Diphetor,,,,,,Ephemeroptera
Diphetor hageni,05014REF,8/3/2005,3,yes,Single species in genus,Diphetor,TRUE,FALSE,4,CG,multi,RHEO,NA,cowa,,19.24351465,22.93,coolwarm,,568550,Animalia,Arthropoda,Hexapoda,Insecta,Pterygota,Ephemeroptera,Pisciforma,,Baetidae,,,,Diphetor,,,,,,Ephemeroptera
Drunella doddsii,05014REF,8/3/2005,1,no,,Drunella doddsii,TRUE,FALSE,3,SC,semi,RHEO,NA,cool,,15.53954278,20.55,cool,,698494,Animalia,Arthropoda,Hexapoda,Insecta,Pterygota,Ephemeroptera,Furcatergalia,,Ephemerellidae,,,,Drunella,,,,,doddsii,Ephemeroptera
Drunella doddsii,06095DFW,8/7/2006,13,no,,Drunella doddsii,TRUE,FALSE,3,SC,semi,RHEO,NA,cool,,15.53954278,20.55,cool,,698494,Animalia,Arthropoda,Hexapoda,Insecta,Pterygota,Ephemeroptera,Furcatergalia,,Ephemerellidae,,,,Drunella,,,,,doddsii,Ephemeroptera
Drunella doddsii,05014REFa,8/3/2005,1,no,,Drunella doddsii,TRUE,FALSE,3,SC,semi,RHEO,NA,cool,,15.53954278,20.55,cool,,698494,Animalia,Arthropoda,Hexapoda,Insecta,Pterygota,Ephemeroptera,Furcatergalia,,Ephemerellidae,,,,Drunella,,,,,doddsii,Ephemeroptera
Epeorus,05014REF,8/3/2005,1,no,,Epeorus,TRUE,FALSE,3,SC,uni,RHEO,NA,eurythermal,,15.39618975,22.106,,yes,100626,Animalia,Arthropoda,Hexapoda,Insecta,Pterygota,Ephemeroptera,Pisciforma,,Heptageniidae,,,,Epeorus,,,,,,Ephemeroptera
Epeorus grandis group,05014REFa,8/3/2005,4,no,Formatting,Epeorus grandis group,TRUE,FALSE,2,SC,uni,RHEO,NA,cold,,13.61842129,18.622,cold,,NA,Animalia,Arthropoda,Hexapoda,Insecta,Pterygota,Ephemeroptera,Pisciforma,,Heptageniidae,,,,Epeorus,,Grandis Gr.,,,,Ephemeroptera
Epeorus grandis group,05014REF,8/3/2005,3,no,Formatting,Epeorus grandis group,TRUE,FALSE,2,SC,uni,RHEO,NA,cold,,13.61842129,18.622,cold,,NA,Animalia,Arthropoda,Hexapoda,Insecta,Pterygota,Ephemeroptera,Pisciforma,,Heptageniidae,,,,Epeorus,,Grandis Gr.,,,,Ephemeroptera
Eukiefferiella brehmi group,05014REFa,8/3/2005,1,no,FORMATTING,Eukiefferiella brehmi group,TRUE,FALSE,4,CG,multi,RHEO,NA,eurythermal,,19.31822769,24.621,,,NA,Animalia,Arthropoda,Hexapoda,Insecta,Pterygota,Diptera,Nematocera,,Chironomidae,Orthocladiinae,,,Eukiefferiella,,Brehmi Gr.,,,,Chironomidae
Eukiefferiella brehmi group,05014REF,8/3/2005,1,no,FORMATTING,Eukiefferiella brehmi group,TRUE,FALSE,4,CG,multi,RHEO,NA,eurythermal,,19.31822769,24.621,,,NA,Animalia,Arthropoda,Hexapoda,Insecta,Pterygota,Diptera,Nematocera,,Chironomidae,Orthocladiinae,,,Eukiefferiella,,Brehmi Gr.,,,,Chironomidae
Glossosoma,06095DFW,8/7/2006,53,no,,Glossosoma,TRUE,FALSE,4,SC,multi,RHEO,NA,cool,,18.00857486,21.852,,,117159,Animalia,Arthropoda,Hexapoda,Insecta,Pterygota,Trichoptera,,,Glossosomatidae,Glossosomatinae,Glossosomatini,,Glossosoma,,,,,,Trichoptera
Glossosoma,05014REFa,8/3/2005,11,no,,Glossosoma,TRUE,FALSE,4,SC,multi,RHEO,NA,cool,,18.00857486,21.852,,,117159,Animalia,Arthropoda,Hexapoda,Insecta,Pterygota,Trichoptera,,,Glossosomatidae,Glossosomatinae,Glossosomatini,,Glossosoma,,,,,,Trichoptera
Glossosoma,05014REF,8/3/2005,5,no,,Glossosoma,TRUE,FALSE,4,SC,multi,RHEO,NA,cool,,18.00857486,21.852,,,117159,Animalia,Arthropoda,Hexapoda,Insecta,Pterygota,Trichoptera,,,Glossosomatidae,Glossosomatinae,Glossosomatini,,Glossosoma,,,,,,Trichoptera
Glossosomatidae,05014REF,8/3/2005,14,no,,Glossosomatidae,TRUE,FALSE,4,SC,UNKN,RHEO,NA,eurythermal,,17.93989545,22.002,,yes,117120,Animalia,Arthropoda,Hexapoda,Insecta,Pterygota,Trichoptera,,,Glossosomatidae,,,,,,,,,,Trichoptera
Gomphidae,05014REF,8/3/2005,3,no,,Gomphidae,TRUE,FALSE,3,PR,semi,DEPO,NA,warm,,20.08256675,24.12,,yes,101664,Animalia,Arthropoda,Hexapoda,Insecta,Pterygota,Odonata,Anisoptera,,Gomphidae,,,,,,,,,,Odonata
Gomphidae,05014REFa,8/3/2005,1,no,,Gomphidae,TRUE,FALSE,3,PR,semi,DEPO,NA,warm,,20.08256675,24.12,,yes,101664,Animalia,Arthropoda,Hexapoda,Insecta,Pterygota,Odonata,Anisoptera,,Gomphidae,,,,,,,,,,Odonata
Gumaga,05014REF,8/3/2005,2,no,,Gumaga,TRUE,FALSE,2,OM,semi,RHEO,NA,cowa,,18.90715954,21.625,,,117003,Animalia,Arthropoda,Hexapoda,Insecta,Pterygota,Trichoptera,,,Sericostomatidae,,,,Gumaga,,,,,,Trichoptera
Gumaga,05014REFa,8/3/2005,5,no,,Gumaga,TRUE,FALSE,2,OM,semi,RHEO,NA,cowa,,18.90715954,21.625,,,117003,Animalia,Arthropoda,Hexapoda,Insecta,Pterygota,Trichoptera,,,Sericostomatidae,,,,Gumaga,,,,,,Trichoptera
Heptageniidae,05014REF,8/3/2005,13,yes,,Heptageniidae,TRUE,FALSE,3,SC,uni,RHEO,NA,eurythermal,,16.16012832,22.225,,yes,NA,Animalia,Arthropoda,Hexapoda,Insecta,Pterygota,Ephemeroptera,Pisciforma,,Heptageniidae,,,,,,,,,,Ephemeroptera
Heptageniidae,05014REFa,8/3/2005,26,yes,,Heptageniidae,TRUE,FALSE,3,SC,uni,RHEO,NA,eurythermal,,16.16012832,22.225,,yes,NA,Animalia,Arthropoda,Hexapoda,Insecta,Pterygota,Ephemeroptera,Pisciforma,,Heptageniidae,,,,,,,,,,Ephemeroptera
Heterlimnius corpulentus,05014REF,8/3/2005,10,yes,only one species in Genus,Heterlimnius,TRUE,FALSE,3,SC,semi,RHEO,NA,cool,,17.084985,20.638,cool,,114167,Animalia,Arthropoda,Hexapoda,Insecta,Pterygota,Coleoptera,Polyphaga,,Elmidae,,,,Heterlimnius,,,,,,Coleoptera
Heterlimnius corpulentus,06095DFW,8/7/2006,5,yes,only one species in Genus,Heterlimnius,TRUE,FALSE,3,SC,semi,RHEO,NA,cool,,17.084985,20.638,cool,,114167,Animalia,Arthropoda,Hexapoda,Insecta,Pterygota,Coleoptera,Polyphaga,,Elmidae,,,,Heterlimnius,,,,,,Coleoptera
Heterlimnius corpulentus,05014REFa,8/3/2005,12,yes,only one species in Genus,Heterlimnius,TRUE,FALSE,3,SC,semi,RHEO,NA,cool,,17.084985,20.638,cool,,114167,Animalia,Arthropoda,Hexapoda,Insecta,Pterygota,Coleoptera,Polyphaga,,Elmidae,,,,Heterlimnius,,,,,,Coleoptera
Hydropsyche,05014REFa,8/3/2005,43,no,,Hydropsyche,TRUE,FALSE,4,CF,uni,RHEO,NA,warm,,20.3927754,23.895,warm,,115453,Animalia,Arthropoda,Hexapoda,Insecta,Pterygota,Trichoptera,,,Hydropsychidae,Hydropsychinae,,,Hydropsyche,,,,,,Trichoptera
Hydropsyche,06095DFW,8/7/2006,4,no,,Hydropsyche,TRUE,FALSE,4,CF,uni,RHEO,NA,warm,,20.3927754,23.895,warm,,115453,Animalia,Arthropoda,Hexapoda,Insecta,Pterygota,Trichoptera,,,Hydropsychidae,Hydropsychinae,,,Hydropsyche,,,,,,Trichoptera
Hydropsyche,05014REF,8/3/2005,34,no,,Hydropsyche,TRUE,FALSE,4,CF,uni,RHEO,NA,warm,,20.3927754,23.895,warm,,115453,Animalia,Arthropoda,Hexapoda,Insecta,Pterygota,Trichoptera,,,Hydropsychidae,Hydropsychinae,,,Hydropsyche,,,,,,Trichoptera
Hydropsychidae,05014REF,8/3/2005,28,no,,Hydropsychidae,TRUE,FALSE,4,UNKN,UNKN,RHEO,NA,eurythermal,,20.05802869,23.09,,yes,115398,Animalia,Arthropoda,Hexapoda,Insecta,Pterygota,Trichoptera,,,Hydropsychidae,,,,,,,,,,Trichoptera
Hydropsychidae,05014REFa,8/3/2005,23,no,,Hydropsychidae,TRUE,FALSE,4,UNKN,UNKN,RHEO,NA,eurythermal,,20.05802869,23.09,,yes,115398,Animalia,Arthropoda,Hexapoda,Insecta,Pterygota,Trichoptera,,,Hydropsychidae,,,,,,,,,,Trichoptera
Hydroptila,05014REF,8/3/2005,2,no,,Hydroptila,TRUE,FALSE,4,PH,multi,GENE,NA,warm,,22.10220252,25.856,warm,,115641,Animalia,Arthropoda,Hexapoda,Insecta,Pterygota,Trichoptera,,,Hydroptilidae,Hydroptilinae,Hydroptilini,,Hydroptila,,,,,,Trichoptera
Ironodes,05014REF,8/3/2005,1,no,,Ironodes,TRUE,FALSE,3,SC,uni,RHEO,NA,cool,,16.64769966,20.47,,,100666,Animalia,Arthropoda,Hexapoda,Insecta,Pterygota,Ephemeroptera,Pisciforma,,Heptageniidae,,,,Ironodes,,,,,,Ephemeroptera
Malenka,06095DFW,8/7/2006,13,no,,Malenka,TRUE,FALSE,4,SH,uni,RHEO,NA,cool,,18.41402553,21.8,,,102567,Animalia,Arthropoda,Hexapoda,Insecta,Pterygota,Plecoptera,Euholognatha,,Nemouridae,Amphinemurinae,,,Malenka,,,,,,Plecoptera
Malenka,05014REFa,8/3/2005,20,no,,Malenka,TRUE,FALSE,4,SH,uni,RHEO,NA,cool,,18.41402553,21.8,,,102567,Animalia,Arthropoda,Hexapoda,Insecta,Pterygota,Plecoptera,Euholognatha,,Nemouridae,Amphinemurinae,,,Malenka,,,,,,Plecoptera
Malenka,05014REF,8/3/2005,9,no,,Malenka,TRUE,FALSE,4,SH,uni,RHEO,NA,cool,,18.41402553,21.8,,,102567,Animalia,Arthropoda,Hexapoda,Insecta,Pterygota,Plecoptera,Euholognatha,,Nemouridae,Amphinemurinae,,,Malenka,,,,,,Plecoptera
Micrasema,05014REF,8/3/2005,7,no,,Micrasema,TRUE,FALSE,3,CG,semi,RHEO,NA,cool,,16.69097063,20.884,,,116958,Animalia,Arthropoda,Hexapoda,Insecta,Pterygota,Trichoptera,,,Brachycentridae,,,,Micrasema,,,,,,Trichoptera
Micrasema,05014REFa,8/3/2005,2,no,,Micrasema,TRUE,FALSE,3,CG,semi,RHEO,NA,cool,,16.69097063,20.884,,,116958,Animalia,Arthropoda,Hexapoda,Insecta,Pterygota,Trichoptera,,,Brachycentridae,,,,Micrasema,,,,,,Trichoptera
Micropsectra,06095DFW,8/7/2006,78,no,,Micropsectra,TRUE,FALSE,4,CG,multi,GENE,NA,eurythermal,,17.83960257,22.56,eurythermal,,129890,Animalia,Arthropoda,Hexapoda,Insecta,Pterygota,Diptera,Nematocera,,Chironomidae,Chironominae,Tanytarsini,,Micropsectra,,,,,,Chironomidae
Micropsectra,05014REFa,8/3/2005,6,no,,Micropsectra,TRUE,FALSE,4,CG,multi,GENE,NA,eurythermal,,17.83960257,22.56,eurythermal,,129890,Animalia,Arthropoda,Hexapoda,Insecta,Pterygota,Diptera,Nematocera,,Chironomidae,Chironominae,Tanytarsini,,Micropsectra,,,,,,Chironomidae
Micropsectra,05014REF,8/3/2005,4,no,,Micropsectra,TRUE,FALSE,4,CG,multi,GENE,NA,eurythermal,,17.83960257,22.56,eurythermal,,129890,Animalia,Arthropoda,Hexapoda,Insecta,Pterygota,Diptera,Nematocera,,Chironomidae,Chironominae,Tanytarsini,,Micropsectra,,,,,,Chironomidae
Microtendipes,05014REF,8/3/2005,1,no,,Microtendipes,TRUE,FALSE,4,CF,multi,GENE,NA,warm,,20.41192963,23.88,,yes,129535,Animalia,Arthropoda,Hexapoda,Insecta,Pterygota,Diptera,Nematocera,,Chironomidae,Chironominae,Chironomini,,Microtendipes,,,,,,Chironomidae
Neophylax splendens,05014REF,8/3/2005,1,no,,Neophylax splendens,TRUE,FALSE,3,SC,uni,RHEO,NA,cool,,17.05364978,20.448,,,116063,Animalia,Arthropoda,Hexapoda,Insecta,Pterygota,Trichoptera,,,Thremmatidae,,,,Neophylax,,,,,splendens,Trichoptera
Neotrichia,05014REF,8/3/2005,2,no,,Neotrichia,TRUE,FALSE,3,SC,multi,RHEO,NA,,Less30,NA,NA,,,115833,Animalia,Arthropoda,Hexapoda,Insecta,Pterygota,Trichoptera,,,Hydroptilidae,Hydroptilinae,Neotrichiini,,Neotrichia,,,,,,Trichoptera
Oligochaeta,05014REF,8/3/2005,24,no,,Oligochaeta,TRUE,FALSE,4,CG,uni,GENE,NA,eurythermal,,18.18179041,23.21,,,68422,Animalia,Annelida,,Clitellata,Oligochaeta,,,,,,,,,,,,,,Oligochaeta
Oligochaeta,05014REFa,8/3/2005,10,no,,Oligochaeta,TRUE,FALSE,4,CG,uni,GENE,NA,eurythermal,,18.18179041,23.21,,,68422,Animalia,Annelida,,Clitellata,Oligochaeta,,,,,,,,,,,,,,Oligochaeta
Optioservus,06095DFW,8/7/2006,2,no,,Optioservus,TRUE,FALSE,4,SC,semi,RHEO,NA,warm,,21.02653404,23.972,warm,,114177,Animalia,Arthropoda,Hexapoda,Insecta,Pterygota,Coleoptera,Polyphaga,,Elmidae,,,,Optioservus,,,,,,Coleoptera
Optioservus,05014REF,8/3/2005,1,no,,Optioservus,TRUE,FALSE,4,SC,semi,RHEO,NA,warm,,21.02653404,23.972,warm,,114177,Animalia,Arthropoda,Hexapoda,Insecta,Pterygota,Coleoptera,Polyphaga,,Elmidae,,,,Optioservus,,,,,,Coleoptera
Ordobrevia nubifera,05014REF,8/3/2005,34,yes,only one species in Genus,Ordobrevia,TRUE,FALSE,3,CG,semi,RHEO,TRUE,warm,,20.31703886,25.222,,,114235,Animalia,Arthropoda,Hexapoda,Insecta,Pterygota,Coleoptera,Polyphaga,,Elmidae,,,,Ordobrevia,,,,,,Coleoptera
Ordobrevia nubifera,05014REFa,8/3/2005,51,yes,only one species in Genus,Ordobrevia,TRUE,FALSE,3,CG,semi,RHEO,TRUE,warm,,20.31703886,25.222,,,114235,Animalia,Arthropoda,Hexapoda,Insecta,Pterygota,Coleoptera,Polyphaga,,Elmidae,,,,Ordobrevia,,,,,,Coleoptera
Orthocladiinae,05014REFa,8/3/2005,1,no,,Orthocladiinae,TRUE,FALSE,4,CG,multi,GENE,NA,eurythermal,,17.86830271,22.972,,yes,128457,Animalia,Arthropoda,Hexapoda,Insecta,Pterygota,Diptera,Nematocera,,Chironomidae,Orthocladiinae,,,,,,,,,Chironomidae
Orthocladiinae,05014REF,8/3/2005,7,no,,Orthocladiinae,TRUE,FALSE,4,CG,multi,GENE,NA,eurythermal,,17.86830271,22.972,,yes,128457,Animalia,Arthropoda,Hexapoda,Insecta,Pterygota,Diptera,Nematocera,,Chironomidae,Orthocladiinae,,,,,,,,,Chironomidae
Orthocladius complex,05014REFa,8/3/2005,7,no,,Orthocladius complex,TRUE,FALSE,4,CG,multi,GENE,NA,warm,,20.92699404,25.59,,,128874,Animalia,Arthropoda,Hexapoda,Insecta,Pterygota,Diptera,Nematocera,,Chironomidae,Orthocladiinae,,,Orthocladius,,,,,,Chironomidae
Orthocladius complex,05014REF,8/3/2005,7,no,,Orthocladius complex,TRUE,FALSE,4,CG,multi,GENE,NA,warm,,20.92699404,25.59,,,128874,Animalia,Arthropoda,Hexapoda,Insecta,Pterygota,Diptera,Nematocera,,Chironomidae,Orthocladiinae,,,Orthocladius,,,,,,Chironomidae
Parametriocnemus,05014REF,8/3/2005,1,no,,Parametriocnemus,TRUE,FALSE,4,CG,multi,RHEO,NA,eurythermal,,18.27948089,22.788,eurythermal,,128978,Animalia,Arthropoda,Hexapoda,Insecta,Pterygota,Diptera,Nematocera,,Chironomidae,Orthocladiinae,,,Parametriocnemus,,,,,,Chironomidae
Parametriocnemus,05014REFa,8/3/2005,1,no,,Parametriocnemus,TRUE,FALSE,4,CG,multi,RHEO,NA,eurythermal,,18.27948089,22.788,eurythermal,,128978,Animalia,Arthropoda,Hexapoda,Insecta,Pterygota,Diptera,Nematocera,,Chironomidae,Orthocladiinae,,,Parametriocnemus,,,,,,Chironomidae
Parametriocnemus,06095DFW,8/7/2006,1,no,,Parametriocnemus,TRUE,FALSE,4,CG,multi,RHEO,NA,eurythermal,,18.27948089,22.788,eurythermal,,128978,Animalia,Arthropoda,Hexapoda,Insecta,Pterygota,Diptera,Nematocera,,Chironomidae,Orthocladiinae,,,Parametriocnemus,,,,,,Chironomidae
Perlidae,06095DFW,8/7/2006,56,no,,Perlidae,TRUE,FALSE,3,PR,semi,RHEO,NA,eurythermal,,17.92205736,22.1,,yes,102914,Animalia,Arthropoda,Hexapoda,Insecta,Pterygota,Plecoptera,Systellognatha,,Perlidae,,,,,,,,,,Plecoptera
Perlidae,05014REFa,8/3/2005,14,no,,Perlidae,TRUE,FALSE,3,PR,semi,RHEO,NA,eurythermal,,17.92205736,22.1,,yes,102914,Animalia,Arthropoda,Hexapoda,Insecta,Pterygota,Plecoptera,Systellognatha,,Perlidae,,,,,,,,,,Plecoptera
Perlidae,05014REF,8/3/2005,15,no,,Perlidae,TRUE,FALSE,3,PR,semi,RHEO,NA,eurythermal,,17.92205736,22.1,,yes,102914,Animalia,Arthropoda,Hexapoda,Insecta,Pterygota,Plecoptera,Systellognatha,,Perlidae,,,,,,,,,,Plecoptera
Potthastia,05014REF,8/3/2005,3,no,,Potthastia,TRUE,FALSE,3,CG,multi,GENE,NA,warm,,20.17500002,24.039,,yes,128408,Animalia,Arthropoda,Hexapoda,Insecta,Pterygota,Diptera,Nematocera,,Chironomidae,Diamesinae,Diamesini,,Potthastia,,,,,,Chironomidae
Rheotanytarsus,05014REF,8/3/2005,3,no,,Rheotanytarsus,TRUE,FALSE,4,CF,multi,RHEO,NA,warm,,20.35254249,24.25,,,129952,Animalia,Arthropoda,Hexapoda,Insecta,Pterygota,Diptera,Nematocera,,Chironomidae,Chironominae,Tanytarsini,,Rheotanytarsus,,,,,,Chironomidae
Rheotanytarsus,05014REFa,8/3/2005,2,no,,Rheotanytarsus,TRUE,FALSE,4,CF,multi,RHEO,NA,warm,,20.35254249,24.25,,,129952,Animalia,Arthropoda,Hexapoda,Insecta,Pterygota,Diptera,Nematocera,,Chironomidae,Chironominae,Tanytarsini,,Rheotanytarsus,,,,,,Chironomidae
Rhyacophila angelita group,05014REFa,8/3/2005,6,no,formatting,Rhyacophila angelita group,TRUE,FALSE,3,PR,uni,RHEO,NA,cool,,17.63768104,20.828,,,NA,Animalia,Arthropoda,Hexapoda,Insecta,Pterygota,Trichoptera,,,Rhyacophilidae,,,,Rhyacophila,,Angelita Gr.,,,,Trichoptera
Rhyacophila angelita group,05014REF,8/3/2005,5,no,formatting,Rhyacophila angelita group,TRUE,FALSE,3,PR,uni,RHEO,NA,cool,,17.63768104,20.828,,,NA,Animalia,Arthropoda,Hexapoda,Insecta,Pterygota,Trichoptera,,,Rhyacophilidae,,,,Rhyacophila,,Angelita Gr.,,,,Trichoptera
Rhyacophila betteni group,06095DFW,8/7/2006,17,no,formatting,Rhyacophila betteni group,TRUE,FALSE,3,PR,semi,RHEO,NA,cool,,16.43723264,20.603,,,NA,Animalia,Arthropoda,Hexapoda,Insecta,Pterygota,Trichoptera,,,Rhyacophilidae,,,,Rhyacophila,,Betteni Gr.,,,,Trichoptera
Rhyacophila betteni group,05014REF,8/3/2005,3,no,formatting,Rhyacophila betteni group,TRUE,FALSE,3,PR,semi,RHEO,NA,cool,,16.43723264,20.603,,,NA,Animalia,Arthropoda,Hexapoda,Insecta,Pterygota,Trichoptera,,,Rhyacophilidae,,,,Rhyacophila,,Betteni Gr.,,,,Trichoptera
Rhyacophila betteni group,05014REFa,8/3/2005,3,no,formatting,Rhyacophila betteni group,TRUE,FALSE,3,PR,semi,RHEO,NA,cool,,16.43723264,20.603,,,NA,Animalia,Arthropoda,Hexapoda,Insecta,Pterygota,Trichoptera,,,Rhyacophilidae,,,,Rhyacophila,,Betteni Gr.,,,,Trichoptera
Rhyacophila brunnea/vemna groups,06095DFW,8/7/2006,1,no,formatting,Rhyacophila brunnea/vemna groups,TRUE,FALSE,4,PR,semi,RHEO,NA,cool,,16.50559034,20.485,,,NA,Animalia,Arthropoda,Hexapoda,Insecta,Pterygota,Trichoptera,,,Rhyacophilidae,,,,Rhyacophila,,,Brunnea/Vemna Gr.,,,Trichoptera
Rhyacophila brunnea/vemna groups,05014REF,8/3/2005,1,no,formatting,Rhyacophila brunnea/vemna groups,TRUE,FALSE,4,PR,semi,RHEO,NA,cool,,16.50559034,20.485,,,NA,Animalia,Arthropoda,Hexapoda,Insecta,Pterygota,Trichoptera,,,Rhyacophilidae,,,,Rhyacophila,,,Brunnea/Vemna Gr.,,,Trichoptera
Rhyacophila brunnea/vemna groups,05014REFa,8/3/2005,1,no,formatting,Rhyacophila brunnea/vemna groups,TRUE,FALSE,4,PR,semi,RHEO,NA,cool,,16.50559034,20.485,,,NA,Animalia,Arthropoda,Hexapoda,Insecta,Pterygota,Trichoptera,,,Rhyacophilidae,,,,Rhyacophila,,,Brunnea/Vemna Gr.,,,Trichoptera
Rhyacophila hyalinata group,05014REF,8/3/2005,2,no,formatting,Rhyacophila hyalinata group,TRUE,FALSE,2,PR,semi,RHEO,NA,cool,,14.76261187,20.23,,,NA,Animalia,Arthropoda,Hexapoda,Insecta,Pterygota,Trichoptera,,,Rhyacophilidae,,,,Rhyacophila,,Hyalinata Gr.,,,,Trichoptera
Rhyacophila hyalinata group,05014REFa,8/3/2005,2,no,formatting,Rhyacophila hyalinata group,TRUE,FALSE,2,PR,semi,RHEO,NA,cool,,14.76261187,20.23,,,NA,Animalia,Arthropoda,Hexapoda,Insecta,Pterygota,Trichoptera,,,Rhyacophilidae,,,,Rhyacophila,,Hyalinata Gr.,,,,Trichoptera
Rhyacophila narvae,06095DFW,8/7/2006,7,no,formatting,Rhyacophila narvae,TRUE,FALSE,3,PR,uni,RHEO,NA,cool,,16.53536714,20.248,,,115155,Animalia,Arthropoda,Hexapoda,Insecta,Pterygota,Trichoptera,,,Rhyacophilidae,,,,Rhyacophila,,Sibirica Gr.,narvae subgroup,,narvae,Trichoptera
Rhyacophila narvae,05014REF,8/3/2005,1,no,formatting,Rhyacophila narvae,TRUE,FALSE,3,PR,uni,RHEO,NA,cool,,16.53536714,20.248,,,115155,Animalia,Arthropoda,Hexapoda,Insecta,Pterygota,Trichoptera,,,Rhyacophilidae,,,,Rhyacophila,,Sibirica Gr.,narvae subgroup,,narvae,Trichoptera
Simulium,05014REFa,8/3/2005,2,no,,Simulium,TRUE,FALSE,4,CF,multi,RHEO,NA,eurythermal,,18.75321663,22.922,eurythermal,,126774,Animalia,Arthropoda,Hexapoda,Insecta,Pterygota,Diptera,Nematocera,,Simuliidae,Simuliinae,Simuliini,,Simulium,,,,,,Diptera
Simulium,05014REF,8/3/2005,3,no,,Simulium,TRUE,FALSE,4,CF,multi,RHEO,NA,eurythermal,,18.75321663,22.922,eurythermal,,126774,Animalia,Arthropoda,Hexapoda,Insecta,Pterygota,Diptera,Nematocera,,Simuliidae,Simuliinae,Simuliini,,Simulium,,,,,,Diptera
Simulium,06095DFW,8/7/2006,9,no,,Simulium,TRUE,FALSE,4,CF,multi,RHEO,NA,eurythermal,,18.75321663,22.922,eurythermal,,126774,Animalia,Arthropoda,Hexapoda,Insecta,Pterygota,Diptera,Nematocera,,Simuliidae,Simuliinae,Simuliini,,Simulium,,,,,,Diptera
Tanytarsini,06095DFW,8/7/2006,2,no,,Tanytarsini,TRUE,FALSE,4,CF,multi,GENE,NA,eurythermal,,18.64165145,23.47,,yes,129872,Animalia,Arthropoda,Hexapoda,Insecta,Pterygota,Diptera,Nematocera,,Chironomidae,Chironominae,Tanytarsini,,,,,,,,Chironomidae
Tanytarsini,05014REF,8/3/2005,1,no,,Tanytarsini,TRUE,FALSE,4,CF,multi,GENE,NA,eurythermal,,18.64165145,23.47,,yes,129872,Animalia,Arthropoda,Hexapoda,Insecta,Pterygota,Diptera,Nematocera,,Chironomidae,Chironominae,Tanytarsini,,,,,,,,Chironomidae
Tanytarsus,05014REFa,8/3/2005,1,no,,Tanytarsus,TRUE,FALSE,4,CF,multi,GENE,NA,warm,,19.94547594,24.458,,,129978,Animalia,Arthropoda,Hexapoda,Insecta,Pterygota,Diptera,Nematocera,,Chironomidae,Chironominae,Tanytarsini,,Tanytarsus,,,,,,Chironomidae
Tanytarsus,05014REF,8/3/2005,1,no,,Tanytarsus,TRUE,FALSE,4,CF,multi,GENE,NA,warm,,19.94547594,24.458,,,129978,Animalia,Arthropoda,Hexapoda,Insecta,Pterygota,Diptera,Nematocera,,Chironomidae,Chironominae,Tanytarsini,,Tanytarsus,,,,,,Chironomidae
Thienemannimyia group,06095DFW,8/7/2006,1,no,These should all have been Group,Thienemannimyia group,TRUE,FALSE,4,PR,multi,GENE,NA,warm,,20.24182417,23.969,,,NA,Animalia,Arthropoda,Hexapoda,Insecta,Pterygota,Diptera,Nematocera,,Chironomidae,Tanypodinae,Pentaneurini,Thienemannimyia Gr.,,,,,,,Chironomidae
Thienemannimyia group,05014REF,8/3/2005,5,no,These should all have been Group,Thienemannimyia group,TRUE,FALSE,4,PR,multi,GENE,NA,warm,,20.24182417,23.969,,,NA,Animalia,Arthropoda,Hexapoda,Insecta,Pterygota,Diptera,Nematocera,,Chironomidae,Tanypodinae,Pentaneurini,Thienemannimyia Gr.,,,,,,,Chironomidae
Thienemannimyia group,05014REFa,8/3/2005,1,no,These should all have been Group,Thienemannimyia group,TRUE,FALSE,4,PR,multi,GENE,NA,warm,,20.24182417,23.969,,,NA,Animalia,Arthropoda,Hexapoda,Insecta,Pterygota,Diptera,Nematocera,,Chironomidae,Tanypodinae,Pentaneurini,Thienemannimyia Gr.,,,,,,,Chironomidae
Trombidiformes,06095DFW,8/7/2006,5,no,,Trombidiformes,TRUE,FALSE,4,PR,multi,UNKN,NA,eurythermal,,17.79456348,22.284,,,82769,Animalia,Arthropoda,Chelicerata,Arachnida,Acari,Trombidiformes,,,,,,,,,,,,,Other Non-Insect
Trombidiformes,05014REFa,8/3/2005,19,no,,Trombidiformes,TRUE,FALSE,4,PR,multi,UNKN,NA,eurythermal,,17.79456348,22.284,,,82769,Animalia,Arthropoda,Chelicerata,Arachnida,Acari,Trombidiformes,,,,,,,,,,,,,Other Non-Insect
Trombidiformes,05014REF,8/3/2005,18,no,,Trombidiformes,TRUE,FALSE,4,PR,multi,UNKN,NA,eurythermal,,17.79456348,22.284,,,82769,Animalia,Arthropoda,Chelicerata,Arachnida,Acari,Trombidiformes,,,,,,,,,,,,,Other Non-Insect
Tvetenia bavarica group,05014REFa,8/3/2005,2,no,FORMATTING,Tvetenia bavarica group,TRUE,FALSE,4,CG,multi,RHEO,NA,cool,,17.46887274,21.38,,,NA,Animalia,Arthropoda,Hexapoda,Insecta,Pterygota,Diptera,Nematocera,,Chironomidae,Orthocladiinae,,,Tvetenia,,Bavarica Gr.,,,,Chironomidae
Tvetenia bavarica group,06095DFW,8/7/2006,1,no,FORMATTING,Tvetenia bavarica group,TRUE,FALSE,4,CG,multi,RHEO,NA,cool,,17.46887274,21.38,,,NA,Animalia,Arthropoda,Hexapoda,Insecta,Pterygota,Diptera,Nematocera,,Chironomidae,Orthocladiinae,,,Tvetenia,,Bavarica Gr.,,,,Chironomidae
Tvetenia bavarica group,05014REF,8/3/2005,1,no,FORMATTING,Tvetenia bavarica group,TRUE,FALSE,4,CG,multi,RHEO,NA,cool,,17.46887274,21.38,,,NA,Animalia,Arthropoda,Hexapoda,Insecta,Pterygota,Diptera,Nematocera,,Chironomidae,Orthocladiinae,,,Tvetenia,,Bavarica Gr.,,,,Chironomidae
Uenoidae,05014REF,8/3/2005,1,no,,Uenoidae,TRUE,FALSE,2,SC,semi,RHEO,NA,cool,,14.91743954,20.761,,yes,568757,Animalia,Arthropoda,Hexapoda,Insecta,Pterygota,Trichoptera,,,Uenoidae,,,,,,,,,,Trichoptera
Uenoidae,05014REFa,8/3/2005,3,no,,Uenoidae,TRUE,FALSE,2,SC,semi,RHEO,NA,cool,,14.91743954,20.761,,yes,568757,Animalia,Arthropoda,Hexapoda,Insecta,Pterygota,Trichoptera,,,Uenoidae,,,,,,,,,,Trichoptera
Wormaldia,05014REFa,8/3/2005,4,no,,Wormaldia,TRUE,FALSE,4,CF,multi,RHEO,NA,cowa,,18.9213536,22.396,coolwarm,,115258,Animalia,Arthropoda,Hexapoda,Insecta,Pterygota,Trichoptera,,,Philopotamidae,Philopotaminae,,,Wormaldia,,,,,,Trichoptera
Wormaldia,05014REF,8/3/2005,2,no,,Wormaldia,TRUE,FALSE,4,CF,multi,RHEO,NA,cowa,,18.9213536,22.396,coolwarm,,115258,Animalia,Arthropoda,Hexapoda,Insecta,Pterygota,Trichoptera,,,Philopotamidae,Philopotaminae,,,Wormaldia,,,,,,Trichoptera
Zaitzevia,06095DFW,8/7/2006,1,no,,Zaitzevia,TRUE,FALSE,4,CG,semi,RHEO,NA,warm,,20.83275518,23.565,,,114205,Animalia,Arthropoda,Hexapoda,Insecta,Pterygota,Coleoptera,Polyphaga,,Elmidae,,,,Zaitzevia,,,,,,Coleoptera
Zaitzevia,05014REFa,8/3/2005,6,no,,Zaitzevia,TRUE,FALSE,4,CG,semi,RHEO,NA,warm,,20.83275518,23.565,,,114205,Animalia,Arthropoda,Hexapoda,Insecta,Pterygota,Coleoptera,Polyphaga,,Elmidae,,,,Zaitzevia,,,,,,Coleoptera
Zaitzevia,05014REF,8/3/2005,5,no,,Zaitzevia,TRUE,FALSE,4,CG,semi,RHEO,NA,warm,,20.83275518,23.565,,,114205,Animalia,Arthropoda,Hexapoda,Insecta,Pterygota,Coleoptera,Polyphaga,,Elmidae,,,,Zaitzevia,,,,,,Coleoptera
Zapada cinctipes,06095DFW,8/7/2006,10,no,,Zapada cinctipes,TRUE,FALSE,4,SH,uni,RHEO,NA,cool,,18.05684665,21.972,,,102594,Animalia,Arthropoda,Hexapoda,Insecta,Pterygota,Plecoptera,Euholognatha,,Nemouridae,Nemourinae,,,Zapada,,,,,cinctipes,Plecoptera
Zapada cinctipes,05014REF,8/3/2005,1,no,,Zapada cinctipes,TRUE,FALSE,4,SH,uni,RHEO,NA,cool,,18.05684665,21.972,,,102594,Animalia,Arthropoda,Hexapoda,Insecta,Pterygota,Plecoptera,Euholognatha,,Nemouridae,Nemourinae,,,Zapada,,,,,cinctipes,Plecoptera
Baetidae,05014REFa,8/3/2005,10,no,,Baetidae,TRUE,FALSE,4,CG,multi,UNKN,NA,eurythermal,,17.42937356,22.86,,yes,100755,Animalia,Arthropoda,Hexapoda,Insecta,Pterygota,Ephemeroptera,Pisciforma,,Baetidae,,,,,,,,,,Ephemeroptera
Brillia,05014REFa,8/3/2005,15,no,,Brillia,TRUE,FALSE,4,SH,multi,RHEO,NA,cool,,17.53917366,21.413,,,128477,Animalia,Arthropoda,Hexapoda,Insecta,Pterygota,Diptera,Nematocera,,Chironomidae,Orthocladiinae,,,Brillia,,,,,,Chironomidae
Brillia,06095DFW,8/7/2006,17,no,,Brillia,TRUE,FALSE,4,SH,multi,RHEO,NA,cool,,17.53917366,21.413,,,128477,Animalia,Arthropoda,Hexapoda,Insecta,Pterygota,Diptera,Nematocera,,Chironomidae,Orthocladiinae,,,Brillia,,,,,,Chironomidae
Ephemerella,05014REFa,8/3/2005,1,no,,Ephemerella,TRUE,FALSE,3,CG,uni,RHEO,NA,cool,,17.50536666,21.746,,yes,101233,Animalia,Arthropoda,Hexapoda,Insecta,Pterygota,Ephemeroptera,Furcatergalia,,Ephemerellidae,,,,Ephemerella,,,,,,Ephemeroptera
Ephemerella,06095DFW,8/7/2006,6,no,,Ephemerella,TRUE,FALSE,3,CG,uni,RHEO,NA,cool,,17.50536666,21.746,,yes,101233,Animalia,Arthropoda,Hexapoda,Insecta,Pterygota,Ephemeroptera,Furcatergalia,,Ephemerellidae,,,,Ephemerella,,,,,,Ephemeroptera
Eukiefferiella,05014REFa,8/3/2005,6,no,,Eukiefferiella,TRUE,FALSE,4,CG,multi,GENE,NA,eurythermal,,17.87417658,23.232,,yes,128689,Animalia,Arthropoda,Hexapoda,Insecta,Pterygota,Diptera,Nematocera,,Chironomidae,Orthocladiinae,,,Eukiefferiella,,,,,,Chironomidae
Eukiefferiella devonica group,05014REFa,8/3/2005,1,no,FORMATTING,Eukiefferiella devonica group,TRUE,FALSE,3,CG,multi,RHEO,NA,eurythermal,,18.51271588,24.5,,,NA,Animalia,Arthropoda,Hexapoda,Insecta,Pterygota,Diptera,Nematocera,,Chironomidae,Orthocladiinae,,,Eukiefferiella,,Devonica Gr.,,,,Chironomidae
Hexatoma,06095DFW,8/7/2006,3,no,,Hexatoma,TRUE,FALSE,3,PR,uni,DEPO,NA,cowa,,17.92651163,21.86,,,120094,Animalia,Arthropoda,Hexapoda,Insecta,Pterygota,Diptera,Nematocera,,Limoniidae,Limnophilinae,,,Hexatoma,,,,,,Diptera
Hexatoma,05014REFa,8/3/2005,1,no,,Hexatoma,TRUE,FALSE,3,PR,uni,DEPO,NA,cowa,,17.92651163,21.86,,,120094,Animalia,Arthropoda,Hexapoda,Insecta,Pterygota,Diptera,Nematocera,,Limoniidae,Limnophilinae,,,Hexatoma,,,,,,Diptera
Maruina,05014REFa,8/3/2005,2,no,,Maruina,TRUE,FALSE,3,SC,uni,SPEC,NA,cowa,,19.57138188,23.318,,,125392,Animalia,Arthropoda,Hexapoda,Insecta,Pterygota,Diptera,Nematocera,,Psychodidae,Psychodinae,,,Maruina,,,,,,Diptera
Oreodytes,05014REFa,8/3/2005,1,no,Genera within Hydroporinae in flux best to leave at subfamily,Oreodytes,TRUE,FALSE,NA,PR,uni,RHEO,NA,cool,,18.77706682,21.861,,,112314,Animalia,Arthropoda,Hexapoda,Insecta,Pterygota,Coleoptera,Adephaga,,Dytiscidae,Hydroporinae,Hydroporini,,Oreodytes,,,,,,Coleoptera
Pagastia,05014REFa,8/3/2005,2,no,,Pagastia,TRUE,FALSE,3,CG,multi,GENE,NA,eurythermal,,16.41637278,22.15,,,128401,Animalia,Arthropoda,Hexapoda,Insecta,Pterygota,Diptera,Nematocera,,Chironomidae,Diamesinae,Diamesini,,Pagastia,,,,,,Chironomidae
Polycentropodidae,05014REFa,8/3/2005,1,no,,Polycentropodidae,TRUE,FALSE,3,PR,uni,GENE,NA,cool,,18.34176518,21.348,,,117043,Animalia,Arthropoda,Hexapoda,Insecta,Pterygota,Trichoptera,,,Polycentropodidae,,,,,,,,,,Trichoptera
Skwala,05014REFa,8/3/2005,1,no,,Skwala,TRUE,FALSE,3,PR,uni,RHEO,NA,cowa,,18.71662733,22.768,,,103102,Animalia,Arthropoda,Hexapoda,Insecta,Pterygota,Plecoptera,Systellognatha,,Perlodidae,Perlodinae,Arcynopterygini,,Skwala,,,,,,Plecoptera
Baetis tricaudatus complex,06095DFW,8/7/2006,21,no,,Baetis tricaudatus complex,TRUE,FALSE,4,CG,multi,RHEO,NA,cowa,,18.32886895,23.32,,,NA,Animalia,Arthropoda,Hexapoda,Insecta,Pterygota,Ephemeroptera,Pisciforma,,Baetidae,,,,Baetis,,Rhodani Gr.,,tricaudatus complex,,Ephemeroptera
Brachycentrus,06095DFW,8/7/2006,1,no,,Brachycentrus,TRUE,FALSE,3,OM,uni,RHEO,NA,warm,,20.13117704,24.278,,yes,116906,Animalia,Arthropoda,Hexapoda,Insecta,Pterygota,Trichoptera,,,Brachycentridae,,,,Brachycentrus,,,,,,Trichoptera
Cinygmula,06095DFW,8/7/2006,39,no,,Cinygmula,TRUE,FALSE,3,SC,uni,RHEO,NA,cool,,15.88427194,20.184,cool,,100557,Animalia,Arthropoda,Hexapoda,Insecta,Pterygota,Ephemeroptera,Pisciforma,,Heptageniidae,,,,Cinygmula,,,,,,Ephemeroptera
Corynoneura,06095DFW,8/7/2006,1,no,,Corynoneura,TRUE,FALSE,4,CG,multi,GENE,NA,eurythermal,,18.48004165,23.02,,,128563,Animalia,Arthropoda,Hexapoda,Insecta,Pterygota,Diptera,Nematocera,,Chironomidae,Orthocladiinae,,,Corynoneura,,,,,,Chironomidae
Despaxia augusta,06095DFW,8/7/2006,2,yes,Single species in genus in NA,Despaxia,TRUE,FALSE,3,SH,uni,RHEO,NA,cool,,16.59784606,20.105,,,102841,Animalia,Arthropoda,Hexapoda,Insecta,Pterygota,Plecoptera,Euholognatha,,Leuctridae,Leuctrinae,,,Despaxia,,,,,,Plecoptera
Dicranota,06095DFW,8/7/2006,7,no,,Dicranota,TRUE,FALSE,4,PR,uni,GENE,NA,cool,,17.55891717,21.286,,,121027,Animalia,Arthropoda,Hexapoda,Insecta,Pterygota,Diptera,Nematocera,,Pediciidae,Pediciinae,,,Dicranota,,,,,,Diptera
Dixa,06095DFW,8/7/2006,5,no,,Dixa,TRUE,FALSE,4,CG,multi,SPEC,NA,cool,,17.11366592,20.827,,,125810,Animalia,Arthropoda,Hexapoda,Insecta,Pterygota,Diptera,Nematocera,,Dixidae,,,,Dixa,,,,,,Diptera
Dolophilodes,06095DFW,8/7/2006,5,no,,Dolophilodes,TRUE,FALSE,2,CF,uni,RHEO,TRUE,cold,,16.80253453,19.89,,,115319,Animalia,Arthropoda,Hexapoda,Insecta,Pterygota,Trichoptera,,,Philopotamidae,Philopotaminae,,,Dolophilodes,,,,,,Trichoptera
Doroneuria,06095DFW,8/7/2006,11,no,,Doroneuria,TRUE,FALSE,2,PR,semi,RHEO,NA,cold,,15.54581636,19.255,cold,,103121,Animalia,Arthropoda,Hexapoda,Insecta,Pterygota,Plecoptera,Systellognatha,,Perlidae,Acroneuriinae,Acroneuriini,,Doroneuria,,,,,,Plecoptera
Drunella coloradensis/flavilinea,06095DFW,8/7/2006,1,no,Formatting and consistency,Drunella coloradensis/flavilinea,TRUE,FALSE,3,SC,uni,RHEO,NA,cold,,15.21303147,18.998,cold,,NA,Animalia,Arthropoda,Hexapoda,Insecta,Pterygota,Ephemeroptera,Furcatergalia,,Ephemerellidae,,,,Drunella,,,,,coloradensis/flavilinea,Ephemeroptera
Drunella grandis/spinifera,06095DFW,8/7/2006,3,no,Formatting and consistency,Drunella grandis/spinifera,TRUE,FALSE,3,PR,semi,RHEO,NA,cool,,15.69694931,20.712,,,NA,Animalia,Arthropoda,Hexapoda,Insecta,Pterygota,Ephemeroptera,Furcatergalia,,Ephemerellidae,,,,Drunella,,,,,grandis/spinifera,Ephemeroptera
Ecclisocosmoecus scylla,06095DFW,8/7/2006,1,no,single species in genus,Ecclisocosmoecus scylla,TRUE,FALSE,2,SH,semi,RHEO,TRUE,stenoc,,14.25516322,17.455,,,116342,Animalia,Arthropoda,Hexapoda,Insecta,Pterygota,Trichoptera,,,Limnephilidae,Dicosmoecinae,,,Ecclisocosmoecus,,,,,scylla,Trichoptera
Ecclisomyia,06095DFW,8/7/2006,4,no,,Ecclisomyia,TRUE,FALSE,2,OM,semi,GENE,NA,stenoc,,14.4306806,17.809,,,116025,Animalia,Arthropoda,Hexapoda,Insecta,Pterygota,Trichoptera,,,Limnephilidae,Dicosmoecinae,,,Ecclisomyia,,,,,,Trichoptera
Isoperla,06095DFW,8/7/2006,5,no,,Isoperla,TRUE,FALSE,3,PR,uni,RHEO,NA,cool,,15.94523518,21.618,,,102995,Animalia,Arthropoda,Hexapoda,Insecta,Pterygota,Plecoptera,Systellognatha,,Perlodidae,Isoperlinae,,,Isoperla,,,,,,Plecoptera
Lepidostoma,06095DFW,8/7/2006,1,no,formatting,Lepidostoma,TRUE,FALSE,3,SH,uni,DEPO,NA,eurythermal,,18.90659585,22.254,,,116794,Animalia,Arthropoda,Hexapoda,Insecta,Pterygota,Trichoptera,,,Lepidostomatidae,Lepidostomatinae,,,Lepidostoma,,,,,,Trichoptera
Moselia,06095DFW,8/7/2006,1,no,,Moselia,TRUE,FALSE,2,SH,uni,HEAD,TRUE,cold,,14.60978719,19.005,cold,,102909,Animalia,Arthropoda,Hexapoda,Insecta,Pterygota,Plecoptera,Euholognatha,,Leuctridae,Leuctrinae,,,Moselia,,,,,,Plecoptera
Neoleptophlebia/Paraleptophlebia,06095DFW,8/7/2006,4,no,Slashed taxon,Neoleptophlebia/Paraleptophlebia,TRUE,FALSE,3,CG,uni,DEPO,NA,eurythermal,,17.66311481,22.31,eurythermal,,NA,Animalia,Arthropoda,Hexapoda,Insecta,Pterygota,Ephemeroptera,Furcatergalia,,Leptophlebiidae,,,,Neoleptophlebia/Paraleptophlebia,,,,,,Ephemeroptera
Pteronarcys,06095DFW,8/7/2006,6,no,,Pteronarcys,TRUE,FALSE,3,OM,semi,RHEO,NA,eurythermal,,17.19273742,22.466,,yes,102471,Animalia,Arthropoda,Hexapoda,Insecta,Pterygota,Plecoptera,Systellognatha,,Pteronarcyidae,Pteronarcyinae,Pteronarcyini,,Pteronarcys,,,,,,Plecoptera
Pteronarcys princeps,06095DFW,8/7/2006,5,no,,Pteronarcys princeps,TRUE,FALSE,3,OM,semi,RHEO,NA,cold,,16.1801,19.4,,,102484,Animalia,Arthropoda,Hexapoda,Insecta,Pterygota,Plecoptera,Systellognatha,,Pteronarcyidae,Pteronarcyinae,Pteronarcyini,,Pteronarcys,,,,,princeps,Plecoptera
Rhabdomastix,06095DFW,8/7/2006,1,no,,Rhabdomastix,TRUE,FALSE,3,SH,semi,SPEC,NA,cold,,15.26121922,19.952,,,120968,Animalia,Arthropoda,Hexapoda,Insecta,Pterygota,Diptera,Nematocera,,Limoniidae,Chioneinae,,,Rhabdomastix,,,,,,Diptera
Rheocricotopus,06095DFW,8/7/2006,10,no,,Rheocricotopus,TRUE,FALSE,4,CG,multi,GENE,NA,eurythermal,,17.77513764,23.229,,,129086,Animalia,Arthropoda,Hexapoda,Insecta,Pterygota,Diptera,Nematocera,,Chironomidae,Orthocladiinae,,,Rheocricotopus,,,,,,Chironomidae
Rhithrogena,06095DFW,8/7/2006,23,no,,Rhithrogena,TRUE,FALSE,4,SC,uni,RHEO,NA,cool,,15.94019123,21.836,,,100572,Animalia,Arthropoda,Hexapoda,Insecta,Pterygota,Ephemeroptera,Pisciforma,,Heptageniidae,,,,Rhithrogena,,,,,,Ephemeroptera
Sphaeriidae,06095DFW,8/7/2006,1,no,,Sphaeriidae,TRUE,FALSE,4,CF,semi,GENE,NA,warm,,19.85247105,23.825,,,81389,Animalia,Mollusca,,Bivalvia,Heterodonta,Veneroida,,,Sphaeriidae,,,,,,,,,,Other Non-Insect
Sweltsa,06095DFW,8/7/2006,51,no,,Sweltsa,TRUE,FALSE,4,PR,uni,RHEO,NA,cool,,17.01649912,20.97,cool,,103273,Animalia,Arthropoda,Hexapoda,Insecta,Pterygota,Plecoptera,Systellognatha,,Chloroperlidae,Chloroperlinae,,,Sweltsa,,,,,,Plecoptera
Zavrelimyia,06095DFW,8/7/2006,9,no,Current Nomenclature,Zavrelimyia,TRUE,FALSE,4,PR,multi,GENE,NA,cool,,17.77100192,21.411,,,128259,Animalia,Arthropoda,Hexapoda,Insecta,Pterygota,Diptera,Nematocera,,Chironomidae,Tanypodinae,Pentaneurini,,Zavrelimyia,,,,,,Chironomidae
Atrichopogon,06095DFW,8/7/2006,1,yes,,Forcipomyiinae,TRUE,NA,NA,NA,NA,NA,NA,NA,NA,NA,NA,NA,NA,NA,NA,NA,NA,NA,NA,NA,NA,NA,NA,NA,NA,NA,NA,NA,NA,NA,NA,NA,NA
Amiocentrus aspilus,05014REF,8/3/2005,2,yes,backed off due to COI data,Amiocentrus,TRUE,NA,NA,NA,NA,NA,NA,NA,NA,NA,NA,NA,NA,NA,NA,NA,NA,NA,NA,NA,NA,NA,NA,NA,NA,NA,NA,NA,NA,NA,NA,NA,NA
Amiocentrus aspilus,05014REFa,8/3/2005,4,yes,backed off due to COI data,Amiocentrus,TRUE,NA,NA,NA,NA,NA,NA,NA,NA,NA,NA,NA,NA,NA,NA,NA,NA,NA,NA,NA,NA,NA,NA,NA,NA,NA,NA,NA,NA,NA,NA,NA,NA
Lepidostoma-panel case larvae,06095DFW,8/7/2006,5,yes,formatting,Lepidostoma,TRUE,NA,NA,NA,NA,NA,NA,NA,NA,NA,NA,NA,NA,NA,NA,NA,NA,NA,NA,NA,NA,NA,NA,NA,NA,NA,NA,NA,NA,NA,NA,NA,NA
Heteroplectron californicum,05014REF,8/3/2005,1,yes,sinlge regional sp.,Heteroplectron,TRUE,NA,NA,NA,NA,NA,NA,NA,NA,NA,NA,NA,NA,NA,NA,NA,NA,NA,NA,NA,NA,NA,NA,NA,NA,NA,NA,NA,NA,NA,NA,NA,NA
Eubrianax edwardsii,05014REFa,8/3/2005,42,yes,,Eubrianax,TRUE,NA,NA,NA,NA,NA,NA,NA,NA,NA,NA,NA,NA,NA,NA,NA,NA,NA,NA,NA,NA,NA,NA,NA,NA,NA,NA,NA,NA,NA,NA,NA,NA
Eubrianax edwardsii,05014REF,8/3/2005,39,yes,,Eubrianax,TRUE,NA,NA,NA,NA,NA,NA,NA,NA,NA,NA,NA,NA,NA,NA,NA,NA,NA,NA,NA,NA,NA,NA,NA,NA,NA,NA,NA,NA,NA,NA,NA,NA
